decline,count,sum,lift
0,2871,31,0.053988157436433294
1,2198,138,0.31392174704276615
2,2775,232,0.418018018018018
3,2746,430,0.7829570284049526
4,4181,753,0.9005022721836881
5,328,72,1.097560975609756
6,2637,576,1.0921501706484642
7,3024,812,1.3425925925925926
8,2882,1183,2.052394170714781
9,1358,773,2.8460972017673045
