{
    "accuracy": 0.80752,
    "roc_auc": 0.745264735,
    "pr_auc": 0.42021366887059386,
    "brier_score_loss": 0.1391759545677665,
    "ece": 0.00866155060525983,
    "holdout_score_mean": 0.1988892048323527,
    "holdout_score_std": 0.14201181525400364
}